platform,id,name,minutes,last_played,genre,note,ach_earned,ach_total,ach_pct,platinum
Battle.net,,World of Warcraft,98040,2026-07-30,MMO,/played via DataStore; 6 characters,,,,
Steam,427520,Factorio,18540,2026-05-14,factory/automation,,24,110,21.8,
Steam,294100,RimWorld,12360,2026-03-02,colony/systems sim,,19,55,34.5,
PlayStation,,God of War Ragnarok,3480,2025-11-20,open-world action,,,36,100,yes
Steam,1145360,Hades,10980,2024-08-11,roguelike/roguelite,,44,49,89.8,
PlayStation,,ELDEN RING,6540,2024-02-18,RPG,,,29,70,
Steam,526870,Satisfactory,7020,2026-08-01,factory/automation,,18,44,40.9,
Xbox,912282,Forza Horizon 5,4620,2025-06-10,sports & racing,,,,42,
Steam,255710,Cities: Skylines,6240,2023-09-27,city/tycoon builder,,31,111,27.9,
Steam,1466860,Age of Empires IV,4980,2024-11-19,RTS / tactics,,25,124,20.2,
PlayStation,,MLB The Show 24,3120,2025-09-14,sports & racing,,,,31,
Steam,648800,Raft,2760,2024-06-08,survival craft,,22,47,46.8,
Xbox,1738361,Minecraft,8220,2022-12-30,survival craft,,14,122,11.5,
Steam,105600,Terraria,5340,2021-07-22,survival craft,,38,115,33.0,
Steam,1942280,Balatro,1980,2026-06-21,roguelike/roguelite,,17,32,53.1,
Steam,813780,Against the Storm,2520,2026-01-15,roguelike/roguelite,,29,63,46.0,
PlayStation,,Horizon Forbidden West,3660,2023-05-06,open-world action,,,52,80,
Steam,1868140,DAVE THE DIVER,1140,2025-02-11,sim & management,,21,38,55.3,
Steam,975370,Dwarf Fortress,1860,2025-12-03,colony/systems sim,,9,31,29.0,
Xbox,1659804,It Takes Two,840,2023-04-15,co-op & party,,,,64,
Steam,394360,Hearts of Iron IV,222,2022-02-12,4X / grand strategy,,4,180,2.2,
Steam,289070,Sid Meier's Civilization VI,7860,2023-12-29,4X / grand strategy,,45,160,28.1,
Steam,1086940,Baldur's Gate 3,5580,2024-04-20,RPG,,31,54,57.4,
Steam,548430,Deep Rock Galactic,1320,2024-10-05,shooter,,26,69,37.7,
PlayStation,,Returnal,4080,2023-01-28,roguelike/roguelite,,,31,100,yes
Steam,1817070,Marvel's Spider-Man Remastered,2040,2023-08-19,open-world action,,34,50,68.0,
Steam,739630,Phasmophobia,660,2024-01-13,horror & zombies,,12,54,22.2,
Steam,413150,Stardew Valley,4440,2025-04-27,farm & life sim,,26,49,53.1,
Steam,1284190,The Planet Crafter,900,2025-07-19,survival craft,,15,40,37.5,
Steam,960090,Bloons TD 6,780,2023-03-04,puzzle & arcade,,29,140,20.7,
Xbox,1697898,Halo Infinite,540,2022-06-25,shooter,,,,18,
Steam,632360,Risk of Rain 2,1560,2022-09-16,roguelike/roguelite,,21,37,56.8,
Steam,282070,This War of Mine,300,2021-11-09,colony/systems sim,,5,28,17.9,
Steam,1091500,Cyberpunk 2077,4860,2024-09-01,RPG,,30,57,52.6,
PlayStation,,Ghost of Tsushima,3300,2022-07-30,open-world action,,,42,74,
Steam,220,Half-Life 2,0,,shooter,Playtime untracked (pre-2009),,,,
Steam,400,Portal,0,,puzzle & arcade,Playtime untracked (pre-2009),,,,
Steam,70,Half-Life,0,,shooter,Playtime untracked (pre-2009),,,,
Xbox,1207091,Ori and the Will of the Wisps,0,2021-03-14,platformer & metroidvania,Playtime not exposed by Xbox API,,,55,
Xbox,1671484,Sea of Thieves,0,2020-08-02,co-op & party,Playtime not exposed by Xbox API,,,9,
Steam,1794680,Vampire Survivors,150,2023-02-08,roguelike/roguelite,,8,201,4.0,
Steam,1222670,The Sims 4,90,2022-05-17,farm & life sim,,2,30,6.7,
Steam,1244460,Jurassic World Evolution 2,144,2023-06-11,city/tycoon builder,,3,50,6.0,
Steam,1622100,Dune: Spice Wars,102,2023-10-02,4X / grand strategy,,2,30,6.7,
Steam,570940,DARK SOULS: REMASTERED,78,2022-01-23,RPG,,2,41,4.9,
Steam,668580,Astroneer,126,2021-06-13,survival craft,,4,52,7.7,
Steam,49520,Borderlands 2,108,2020-04-04,shooter,,3,75,4.0,
Steam,1332010,Stray,60,2023-07-29,adventure & narrative,,4,25,16.0,
Steam,250900,The Binding of Isaac: Rebirth,96,2021-09-18,roguelike/roguelite,,5,637,0.8,
Steam,646570,Slay the Spire,66,2022-08-14,roguelike/roguelite,,1,44,2.3,
Steam,632470,Disco Elysium,0,,RPG,,,,,
Steam,1057090,Ori and the Blind Forest,0,,platformer & metroidvania,,,,,
Steam,504230,Celeste,0,,platformer & metroidvania,,,,,
Steam,268910,Cuphead,0,,puzzle & arcade,,,,,
Steam,1290000,Frostpunk 2,0,,city/tycoon builder,,,,,
Steam,1363080,Manor Lords,0,,city/tycoon builder,,,,,
Steam,1794960,Timberborn,0,,city/tycoon builder,,,,,
Steam,703080,Planet Zoo,0,,city/tycoon builder,,,,,
Steam,1150690,OMORI,0,,adventure & narrative,,,,,
Steam,1966720,Lethal Company,0,,co-op & party,,,,,
Steam,2358720,Against the Storm 2 Playtest,0,,roguelike/roguelite,,,,,
Steam,3164500,Slipways,0,,4X / grand strategy,,,,,
Steam,553850,HELLDIVERS 2,0,,shooter,,,,,
Steam,1817190,Sable,0,,adventure & narrative,,,,,
Steam,367520,Hollow Knight,0,,platformer & metroidvania,,,,,
PlayStation,,Stellar Blade,120,2026-06-27,action & fighting,,,,8,
Xbox,2043073184,SnowRunner,1115,2024-05-05,sports & racing,,,,26,
Steam,346110,ARK: Survival Evolved,42,2019-08-21,survival craft,,1,178,0.6,
Steam,1794460,EA SPORTS FC 25,84,2025-10-11,sports & racing,,2,42,4.8,
Steam,383870,Firewatch,54,2020-02-09,adventure & narrative,,3,10,30.0,
